{"cameraMode":{"drawMode":0,"name":"Shaded","section":"Shading Mode"},"sceneLighting":true,"audioPlay":false,"sceneViewState":{"m_AlwaysRefresh":false,"showFog":true,"showSkybox":true,"showFlares":true,"showImageEffects":true,"showParticleSystems":true,"showVisualEffectGraphs":true,"m_FxEnabled":true},"in2DMode":false,"pivot":{"x":-2.924978494644165,"y":-2.2612831592559816,"z":9.315399169921875},"rotation":{"x":0.27853435277938845,"y":-0.018410611897706987,"z":0.005418526940047741,"w":0.9602838754653931},"size":9.623098373413086,"orthographic":false}